{
  "version": 1,
  "author": "Melyssa Rojas",
  "editor": "wokwi",
  "parts": [
    { "type": "wokwi-esp32-devkit-v1", "id": "esp", "top": 0, "left": 0, "attrs": {} },
    {
      "type": "wokwi-led",
      "id": "led1",
      "top": 8.97,
      "left": 142.17,
      "attrs": { "color": "red" }
    },
    {
      "type": "wokwi-led",
      "id": "led2",
      "top": 40.3,
      "left": 198.16,
      "attrs": { "color": "blue" }
    },
    {
      "type": "wokwi-led",
      "id": "led3",
      "top": -21.03,
      "left": 163.49,
      "attrs": { "color": "orange" }
    },
    {
      "type": "wokwi-led",
      "id": "led4",
      "top": 93.64,
      "left": 215.5,
      "attrs": { "color": "magenta" }
    },
    {
      "type": "wokwi-pushbutton",
      "id": "btn1",
      "top": 30.97,
      "left": -128.5,
      "attrs": { "color": "green", "bounce": "0" }
    },
    {
      "type": "wokwi-pushbutton",
      "id": "btn2",
      "top": 112.3,
      "left": -127.17,
      "attrs": { "color": "white", "bounce": "0" }
    },
    {
      "type": "wokwi-photoresistor-sensor",
      "id": "ldr1",
      "top": 217.63,
      "left": -125.17,
      "attrs": {}
    },
    {
      "type": "wokwi-buzzer",
      "id": "bz1",
      "top": 42.68,
      "left": -196.24,
      "attrs": { "volume": "0.1" }
    }
  ],
  "connections": [
    [ "esp:TX0", "$serialMonitor:RX", "", [] ],
    [ "esp:RX0", "$serialMonitor:TX", "", [] ],
    [ "led1:A", "esp:D21", "green", [ "v0" ] ],
    [ "led1:C", "esp:GND.1", "green", [ "v0" ] ],
    [ "led2:A", "esp:D19", "green", [ "v0" ] ],
    [ "led2:C", "esp:GND.1", "green", [ "v0" ] ],
    [ "led3:A", "esp:D18", "green", [ "v0" ] ],
    [ "led3:C", "esp:GND.1", "green", [ "v0" ] ],
    [ "led4:A", "esp:D5", "green", [ "v0" ] ],
    [ "led4:C", "esp:GND.1", "green", [ "v0" ] ],
    [ "btn1:2.r", "esp:GND.2", "green", [ "h0" ] ],
    [ "btn2:1.r", "esp:D33", "green", [ "v0" ] ],
    [ "btn2:2.r", "esp:GND.2", "green", [ "h0" ] ],
    [ "ldr1:VCC", "esp:3V3", "red", [ "h0" ] ],
    [ "ldr1:GND", "esp:GND.2", "black", [ "h0" ] ],
    [ "ldr1:AO", "esp:D4", "green", [ "h0" ] ],
    [ "bz1:2", "esp:D26", "green", [ "v0" ] ],
    [ "bz1:1", "esp:GND.2", "green", [ "v0" ] ],
    [ "btn1:1.r", "esp:D32", "green", [ "v0" ] ]
  ]
}